{
  "best_global_step": null,
  "best_metric": null,
  "best_model_checkpoint": null,
  "epoch": 2.0,
  "eval_steps": 500,
  "global_step": 90,
  "is_hyper_param_search": false,
  "is_local_process_zero": true,
  "is_world_process_zero": true,
  "log_history": [
    {
      "epoch": 0.4444444444444444,
      "grad_norm": 0.09695311635732651,
      "learning_rate": 0.00017185185185185185,
      "loss": 1.5118732452392578,
      "step": 20
    },
    {
      "epoch": 0.8888888888888888,
      "grad_norm": 0.09436994791030884,
      "learning_rate": 0.00014222222222222224,
      "loss": 0.7647377014160156,
      "step": 40
    },
    {
      "epoch": 1.3333333333333333,
      "grad_norm": 0.0839039757847786,
      "learning_rate": 0.0001125925925925926,
      "loss": 0.5882697105407715,
      "step": 60
    },
    {
      "epoch": 1.7777777777777777,
      "grad_norm": 0.05351009592413902,
      "learning_rate": 8.296296296296296e-05,
      "loss": 0.6055955410003662,
      "step": 80
    }
  ],
  "logging_steps": 20,
  "max_steps": 135,
  "num_input_tokens_seen": 0,
  "num_train_epochs": 3,
  "save_steps": 500,
  "stateful_callbacks": {
    "TrainerControl": {
      "args": {
        "should_epoch_stop": false,
        "should_evaluate": false,
        "should_log": false,
        "should_save": true,
        "should_training_stop": false
      },
      "attributes": {}
    }
  },
  "total_flos": 3.21690653687808e+16,
  "train_batch_size": 2,
  "trial_name": null,
  "trial_params": null
}
