{
  "best_global_step": null,
  "best_metric": null,
  "best_model_checkpoint": null,
  "epoch": 1.0,
  "eval_steps": 500,
  "global_step": 68,
  "is_hyper_param_search": false,
  "is_local_process_zero": true,
  "is_world_process_zero": true,
  "log_history": [
    {
      "epoch": 0.2962962962962963,
      "grad_norm": 0.09799399971961975,
      "learning_rate": 0.00018137254901960786,
      "loss": 1.4894896507263184,
      "step": 20
    },
    {
      "epoch": 0.5925925925925926,
      "grad_norm": 0.07340430468320847,
      "learning_rate": 0.00016176470588235295,
      "loss": 0.7645834445953369,
      "step": 40
    },
    {
      "epoch": 0.8888888888888888,
      "grad_norm": 0.09713590145111084,
      "learning_rate": 0.00014215686274509804,
      "loss": 0.570325517654419,
      "step": 60
    }
  ],
  "logging_steps": 20,
  "max_steps": 204,
  "num_input_tokens_seen": 0,
  "num_train_epochs": 3,
  "save_steps": 500,
  "stateful_callbacks": {
    "TrainerControl": {
      "args": {
        "should_epoch_stop": false,
        "should_evaluate": false,
        "should_log": false,
        "should_save": true,
        "should_training_stop": false
      },
      "attributes": {}
    }
  },
  "total_flos": 2.41267990265856e+16,
  "train_batch_size": 2,
  "trial_name": null,
  "trial_params": null
}
